[{"stamp":1409850199,"datetime":"Thu, 04 Sep 2014 19:03:19 +0200","log":["**** DRYRUN ****","Beginning updates","Updating core:library","Backing up core:library","Backing up to: C:\\wamp\\www\\NymblyPHP\/backups\/core\/library-1409850197.zip","Verifying backup core:library","Backed up core:library successfully","Downloading core:library","Download From: https:\/\/github.com\/JustinTheClouds\/Nymbly-PHP\/archive\/master.zip","Finishing updates"]},{"stamp":1409850171,"datetime":"Thu, 04 Sep 2014 19:02:51 +0200","log":["**** DRYRUN ****","Beginning updates","Updating core:library","Backing up core:library","Backing up to: C:\\wamp\\www\\NymblyPHP\/backups\/core\/library-1409850168.zip","Verifying backup core:library","Backed up core:library successfully","Downloading core:library","Download From: https:\/\/github.com\/JustinTheClouds\/Nymbly-PHP\/archive\/master.zip","Finishing updates"]}]